DO
$$
    DECLARE
        user_id_1         uuid      := '73162244-c3f4-4682-ada1-67bfa54838fe'::uuid;
        user_id_2         uuid      := '73162245-c3f4-4682-ada1-67bfa54838fe'::uuid;

        part_id_1_set_1         uuid      := '431c6783-eb46-48ce-b1fd-2b8f8bbb4d08'::uuid;
        part_id_2_set_1         uuid      := 'a4a4dc9d-7788-4740-8df0-b5ee5e03da13'::uuid;
        part_id_3_set_1         uuid      := 'c8c84d30-1ea6-4516-9a6d-02d5de9f29e5'::uuid;
        part_id_4_set_1         uuid      := 'f8e6b62e-b4ef-4a58-837b-54e857915730'::uuid;
        part_id_5_set_1         uuid      := 'abce65ce-61cb-47d5-b077-f62f243601d9'::uuid;
        part_id_6_set_1         uuid      := '5e37f7c1-00e8-479b-b1db-589d062b8ed8'::uuid;
        part_id_7_set_1         uuid      := '58a8ce32-1dce-4e3d-a34e-7890f8e426b2'::uuid;
        part_id_8_set_1         uuid      := '647f1ebe-82b5-4548-8c5d-1eef3ea15780'::uuid;
        part_id_9_set_1         uuid      := 'd7863086-a658-47d2-8810-90880c261af1'::uuid;
        part_id_10_set_1         uuid      := '7435d0c4-b883-49c9-962e-9a27d87ca0d0'::uuid;
        part_id_11_set_1         uuid      := '889dc118-5330-43c9-96ae-9456c58137f1'::uuid;
        part_id_12_set_1         uuid      := 'ef124ead-51f5-411c-9d99-cf7d6488cbae'::uuid;

        part_id_1_set_2   uuid    := 'cc248830-94a8-470f-a7e1-005221c29806'::uuid;
        part_id_2_set_2   uuid    := 'eb367484-ebd8-4f32-86f8-32c60a63a96a'::uuid;
        part_id_3_set_2   uuid    := '1ad2f4d8-6e88-4b33-bb16-f51fcf824b45'::uuid;
        part_id_4_set_2   uuid    := '7d8bccef-d5e4-414e-b284-7bdfbebe92d8'::uuid;
        part_id_5_set_2   uuid    := '07eca454-a1fa-43e0-b87a-56aebbd1032d'::uuid;
        part_id_6_set_2   uuid    := '74d886a0-a533-496d-ab41-5c396b2b6330'::uuid;
        part_id_7_set_2   uuid    := '81a8e5a6-88dd-4c45-9234-2b174fef8161'::uuid;
        part_id_8_set_2   uuid    := 'd05ef13a-614c-4a66-a385-29e6199886a4'::uuid;
        part_id_9_set_2   uuid    := '5920021f-3903-484b-84f0-5de299bda930'::uuid;
        part_id_10_set_2   uuid    := 'b5e48293-da05-40d8-93c8-b500323cecde'::uuid;
        part_id_11_set_2   uuid    := 'b7eb9576-1bba-44ad-a84e-a5aacaddbc50'::uuid;
        part_id_12_set_2   uuid    := '2958c309-6ebd-4ac0-a916-63ac1b7b95ed'::uuid;


    BEGIN
    INSERT INTO partial_password_set (k, n, user_id, secret)
    VALUES (4, 12, user_id_1, E'\\xDF16DB24C804A4856C5D60417ED72F4F89B557A43786AAF60D1F38AD2BB92C9C'),
           (4, 12, user_id_2, E'\\x34A8FC9C5CD979B510AFBD90FFB5AAB3C9B2ACDD39946BDC14EB75A5036EFE91');

    INSERT INTO partial_password_part (id, salt, share)
    VALUES (part_id_1_set_1, E'\\x92FE8368912039732B4F4BB2D094CE15', E'\\xEBBF65303FA4D03BBB3EA87FD80C933B552CBD098B3D766E3358BB89881571B99697E03C19B1DE952357830FC222F86D18542C28B31602C2C5959057'),
           (part_id_2_set_1, E'\\x22D9E6AED65137F7CBECC2B03A43B92B', E'\\x9C4D75FDD3C1924FE682D86397B8DA9D3103D24E4C44C84325C7D774E53115F8B892AD453D92A1EA8A7A72F65C97BEFE35EE0229242A19E44D3FA23C'),
           (part_id_3_set_1, E'\\x85EA143A7B203AD02D9E15E797461C61', E'\\xBEC7BC65A60EA964AF789EFFD23B7644D924761A81E6456FA5FF914A95BEF5FEBF0875008C85E387F982BE86FDC028959519A752F4F454587DC63C8B'),
           (part_id_4_set_1, E'\\xF547577AFFA940D3B5CDF72414343793', E'\\x515CB776248191E575976BBEA42A601C1C946CDD8E9913891E3A61CF0E705CC9D237685C1E04A5C4577AB7AA4068E70DDB6226F4B918EA871E8F77E4'),
           (part_id_5_set_1, E'\\x2D2B429FE8B8D4F194BC25540B2691E3', E'\\xADF097704AAD04A79C58FEB0A7E435593E5FC7062E9F7C44C3D24C54BA9AFB3CA21D7D9856703FB1F442A75B7936728AD74301D76620A0E9A09602AC'),
           (part_id_6_set_1, E'\\xC23AE7588EC56CF7804AF22EDC1F03F4', E'\\x9987C6239D557A3EE7B48A501700812E60611D091A035F49CB7E0B7725185B080B1989A6D93D4978226D60985673E64C6E0F51CF7323AED2FDC1BF67'),
           (part_id_7_set_1, E'\\x57F91E4882E773254DCE6F170E80DB86', E'\\x2AE2A012C86DB1404A004FB70ECC746EE84769C9FC396D7387940075B2DADCC9702C694C74DAE61897F277F43109EACC8AAAB76AD09C914B4C37ABEC'),
           (part_id_8_set_1, E'\\x5D8BBA1BDFD087CAB4FA732F6928AB8B', E'\\xABF1FB561E0B2E322953C87578967A834775D7A1293C6D67A8453645E22E2EB04C52FA377792FBEC4D3EE033DC2FA64653AA177374477C467CCC7DA4'),
           (part_id_9_set_1, E'\\x81AD3C0D19D641B43F13C06FF78550E1', E'\\x7A9C67448FDBA84F3E4CCFD635D38AA04C38E9694EE3FD025F1DE5E45A1DE0249B618C70359D6865DE7F8E4DA2E4D42AC521A1910566015C41608C06'),
           (part_id_10_set_1, E'\\x0AFA61F7A9271FE1650C6D489D32929F', E'\\xE033F28908EB10F44ED21C8E65F2CF4AAE3BE454FB180D152BD97B404BB26AAADC47E79F1DB68F6634C47162912F5159D757ED1566F22AD9B3571F83'),
           (part_id_11_set_1, E'\\xB6AE185716E2544AA513A109C051B339', E'\\x88AA431AA66C23307234FE064E0F0DFB5A7BF59AA3EAC925C64DD184052E696C9D9A455844A625229542FE090D60E3EBB9F969011CE1403D82B8F830'),
           (part_id_12_set_1, E'\\x78EB9F48C8DFC45E510B0B64D47B1ECE', E'\\xD2FDC4E981F572F449C009B8C338D549FD70BAA7D9578CF36D3323ACDE20A6038E26BD6B116CA2A8E01137724A7D19D49D1149EF981C6AD54B09EC56'),
           (part_id_1_set_2, E'\\x1533894C130CA83B63B578901E2F008D', E'\\xAF7CB0DC8A2B3D86A7E52DC2BD7C05DD743D3E19E363D95F38FB3F2750D37E927EF6DFA1C6670FD9C7B76F9FE5E6CFC0550D0784DD88CD8FE3884458'),
           (part_id_2_set_2, E'\\x8E330A4FFC894CCA9817812B5F80769A', E'\\x015C6CE9DED581968A716F44E1F653A9F239BE268737746773E6FF67442E7B1B36909148A1DBE1A0DA1D1453A247A5B69ABC9DD30731F59D17626B84'),
           (part_id_3_set_2, E'\\xC2EAF2FA2E255DA51BF14795A118FF6E', E'\\xD98271A49EC7CDDEA2D6B5D80C70777587AE2AD46F26A4088F6BFA135EB11794AD7B4888CC6622BFE3687CF676F8E49E3AA4EC729D5805E61B32B91D'),
           (part_id_4_set_2, E'\\x4A91848E9D8587D45FD1946851303800', E'\\xE7A13B924AB273E6C603D2B6EE6C42063A66109435B4EF6EE9BBDAF55453DEDFDCCF1E891351D3CDD143600B69A33BF395EF6D2EBBACCC6F42852DC8'),
           (part_id_5_set_2, E'\\x0FCDF761BEBE4DC5C5F709EBBA606913', E'\\xBE2D60BCA31D95CBB20C32AA43CBCC14410DA10B3CAD131815025B3EB4265E8373B52FC55E9A384D3520C38747E93D0B90AFA23F923BF4C3B6BD1B6A'),
           (part_id_6_set_2, E'\\x1062576863DA2B83C7F6805C4D2BFBAC', E'\\xDAC27AC7EE9058FE92B5A5CDA97DEB3C0796EFF54B30A203BA8CAEF9070BCE87C992ECEBAC9C2A9D131C6FD7962750E8B2DF406DEEC9C9C29F9743C5'),
           (part_id_7_set_2, E'\\xE8510B2C1283DE9C08BA474C47125007', E'\\x0DBAE01DC3A34C006AA2A9C2B1292B85E7007A35B8F039623CE52F3FD6EB4B80F4CC0F21BECA537662A94D09E412C3EA120A9980EE41EB9E5D2DB43F'),
           (part_id_8_set_2, E'\\x2FA805914AF35F393DE3D576BD13E895', E'\\x18524CC3C06912CB9AB4A8AB93628419FE507BBE81CF49F7A76E79AD1327CD9B495C8966BD49F93D53E55EB128875C4CC862C5A908187D38F362A370'),
           (part_id_9_set_2, E'\\x2E7CC5DBD916385E498888239E739FAB', E'\\x20AB7D0B8B2338E3EE42D0587F0D353AFD1546EDAB565753FC6BD7A6DC031F1DB22E5A65BE83CF55819527F20D06B47D742DDB88E1A68D0C96A2984F'),
           (part_id_10_set_2, E'\\x6DAFCF8DD7557E421B9FBF2B4DF5E762', E'\\x494D7CC0410B8DA590140405C3C39C743EC6905AC56AB535E6316E887A0A7D701D3F5756E211859392529EAE31AB2F2CF314A205CCCE7E6F8E86B7F2'),
           (part_id_11_set_2, E'\\x4041CD5567BDCF0408B1F7C2FAD7F987', E'\\x6127A2A3121A9AB0F1295A46A6E786F019EBA95C5C7A46EC68B3927D5217FFE92EA0905FB1B82705F734933222C791AC85F052D3602356780B1167C0'),
           (part_id_12_set_2, E'\\xF9D02176E9AD624025A4872ED845D6ED', E'\\xD8616880CDB7813EB77451AC3C930B73067055C183944910F083F8D18A516A3490D536909EB917648FC72C18556431D2792A02B3F3FA4A0786DDA339');


    INSERT INTO partial_password_set_parts (partial_password_set_user_id, parts_id)
    VALUES (user_id_1, part_id_1_set_1),
           (user_id_1, part_id_2_set_1),
           (user_id_1, part_id_3_set_1),
           (user_id_1, part_id_4_set_1),
           (user_id_1, part_id_5_set_1),
           (user_id_1, part_id_6_set_1),
           (user_id_1, part_id_7_set_1),
           (user_id_1, part_id_8_set_1),
           (user_id_1, part_id_9_set_1),
           (user_id_1, part_id_10_set_1),
           (user_id_1, part_id_11_set_1),
           (user_id_1, part_id_12_set_1),
           (user_id_2, part_id_1_set_2),
           (user_id_2, part_id_2_set_2),
           (user_id_2, part_id_3_set_2),
           (user_id_2, part_id_4_set_2),
           (user_id_2, part_id_5_set_2),
           (user_id_2, part_id_6_set_2),
           (user_id_2, part_id_7_set_2),
           (user_id_2, part_id_8_set_2),
           (user_id_2, part_id_9_set_2),
           (user_id_2, part_id_10_set_2),
           (user_id_2, part_id_11_set_2),
           (user_id_2, part_id_12_set_2);


    END
$$;